{
    "materials": [
        {
            "title": "Пластик",
            "brands": [
                {
                    "title": "KBE",
                    "models": [
                        {
                            "title": "58",
                            "glazings": [
                                {
                                    "title": "Однокамерный стеклопакет",
                                    "collection": [
                                        {
                                            "img": "/images/index/s6/window-1.svg",
                                            "window_opening": [
                                                [
                                                    {
                                                        "title": "Глухое"
                                                    },
                                                    {
                                                        "title": "Поворотное"
                                                    },
                                                    {
                                                        "title": "Поворотно-откидное"
                                                    }
                                                ]
                                            ],
                                            "price": {
                                                "windows": [
                                                    {
                                                        "0": [ [ 1025, 1250, 3743 ], [ 450, 500, 1293 ], [ 450, 2000, 3318 ], [ 1600, 2000, 15767 ], [ 1600, 500, 2887 ] ],
                                                        "1": [ [ 1025, 1250, 3743 ], [ 450, 500, 1293 ], [ 450, 2000, 3318 ], [ 1600, 2000, 15767 ], [ 1600, 500, 2887 ] ],
                                                        "2": [ [ 1025, 1250, 3743 ], [ 450, 500, 1293 ], [ 450, 2000, 3318 ], [ 1600, 2000, 15767 ], [ 1600, 500, 2887 ] ]
                                                    }
                                                ]
                                            }
                                        },
                                        {
                                            "img": "/images/index/s6/window-2.svg",
                                            "window_opening": [
                                                [
                                                    {
                                                        "title": "Глухое"
                                                    },
                                                    {
                                                        "title": "Поворотное"
                                                    },
                                                    {
                                                        "title": "Поворотно-откидное"
                                                    }
                                                ],
                                                [
                                                    {
                                                        "title": "Глухое"
                                                    },
                                                    {
                                                        "title": "Поворотное"
                                                    },
                                                    {
                                                        "title": "Поворотно-откидное"
                                                    }
                                                ]
                                            ],
                                            "price": {
                                                "windows": [
                                                    {
                                                        "00": [ [ 1025, 1250, 3743 ], [ 450, 500, 1293 ], [ 450, 2000, 3318 ], [ 1600, 2000, 15767 ], [ 1600, 500, 2887 ] ],
                                                        "01": [ [ 1025, 1250, 3743 ], [ 450, 500, 1293 ], [ 450, 2000, 3318 ], [ 1600, 2000, 15767 ], [ 1600, 500, 2887 ] ],
                                                        "02": [ [ 1025, 1250, 3743 ], [ 450, 500, 1293 ], [ 450, 2000, 3318 ], [ 1600, 2000, 15767 ], [ 1600, 500, 2887 ] ],
                                                        "11": [ [ 1025, 1250, 3743 ], [ 450, 500, 1293 ], [ 450, 2000, 3318 ], [ 1600, 2000, 15767 ], [ 1600, 500, 2887 ] ],
                                                        "12": [ [ 1025, 1250, 3743 ], [ 450, 500, 1293 ], [ 450, 2000, 3318 ], [ 1600, 2000, 15767 ], [ 1600, 500, 2887 ] ],
                                                        "22": [ [ 1025, 1250, 3743 ], [ 450, 500, 1293 ], [ 450, 2000, 3318 ], [ 1600, 2000, 15767 ], [ 1600, 500, 2887 ] ]
                                                    }
                                                ]
                                            }
                                        },
                                        {
                                            "img": "/images/index/s6/window-3.svg"
                                        },
                                        {
                                            "img": "/images/index/s6/window-4.svg",
                                            "door_opening": [
                                                [
                                                    {
                                                        "title": "Поворотное"
                                                    },
                                                    {
                                                        "title": "Поворотно-откидное"
                                                    }
                                                ]
                                            ],
                                            "price": {
                                                "doors": [
                                                    {
                                                        "0": [ [ 1025, 1250, 3743 ], [ 450, 500, 1293 ], [ 450, 2000, 3318 ], [ 1600, 2000, 15767 ], [ 1600, 500, 2887 ] ],
                                                        "1": [ [ 1025, 1250, 3743 ], [ 450, 500, 1293 ], [ 450, 2000, 3318 ], [ 1600, 2000, 15767 ], [ 1600, 500, 2887 ] ]
                                                    }
                                                ]
                                            }
                                        },
                                        {
                                            "img": "/images/index/s6/window-5.svg"
                                        },
                                        {
                                            "img": "/images/index/s6/window-6.svg"
                                        },
                                        {
                                            "img": "/images/index/s6/window-7.svg",
                                            "window_opening": [
                                                [
                                                    {
                                                        "title": "Глухое"
                                                    },
                                                    {
                                                        "title": "Поворотное"
                                                    },
                                                    {
                                                        "title": "Поворотно-откидное"
                                                    }
                                                ],
                                                [
                                                    {
                                                        "title": "Глухое"
                                                    },
                                                    {
                                                        "title": "Поворотное"
                                                    },
                                                    {
                                                        "title": "Поворотно-откидное"
                                                    }
                                                ]
                                            ],
                                            "door_opening": [
                                                [
                                                    {
                                                        "title": "Поворотное"
                                                    },
                                                    {
                                                        "title": "Поворотно-откидное"
                                                    }
                                                ]
                                            ],
                                            "price": {
                                                "windows": [
                                                    {
                                                        "0": [ [ 1025, 1250, 3743 ], [ 450, 500, 1293 ], [ 450, 2000, 3318 ], [ 1600, 2000, 15767 ], [ 1600, 500, 2887 ] ],
                                                        "1": [ [ 1025, 1250, 3743 ], [ 450, 500, 1293 ], [ 450, 2000, 3318 ], [ 1600, 2000, 15767 ], [ 1600, 500, 2887 ] ],
                                                        "2": [ [ 1025, 1250, 3743 ], [ 450, 500, 1293 ], [ 450, 2000, 3318 ], [ 1600, 2000, 15767 ], [ 1600, 500, 2887 ] ]
                                                    },
                                                    {
                                                        "0": [ [ 1025, 1250, 3743 ], [ 450, 500, 1293 ], [ 450, 2000, 3318 ], [ 1600, 2000, 15767 ], [ 1600, 500, 2887 ] ],
                                                        "1": [ [ 1025, 1250, 3743 ], [ 450, 500, 1293 ], [ 450, 2000, 3318 ], [ 1600, 2000, 15767 ], [ 1600, 500, 2887 ] ],
                                                        "2": [ [ 1025, 1250, 3743 ], [ 450, 500, 1293 ], [ 450, 2000, 3318 ], [ 1600, 2000, 15767 ], [ 1600, 500, 2887 ] ]
                                                    }
                                                ],
                                                "doors": [
                                                    {
                                                        "0": [ [ 1025, 1250, 3743 ], [ 450, 500, 1293 ], [ 450, 2000, 3318 ], [ 1600, 2000, 15767 ], [ 1600, 500, 2887 ] ],
                                                        "1": [ [ 1025, 1250, 3743 ], [ 450, 500, 1293 ], [ 450, 2000, 3318 ], [ 1600, 2000, 15767 ], [ 1600, 500, 2887 ] ]
                                                    }
                                                ]
                                            }
                                        },
                                        {
                                            "img": "/images/index/s6/window-8.svg"
                                        }
                                    ]
                                },
                                {
                                    "title": "Двухкамерный стеклопакет"
                                }
                            ]
                        },
                        {
                            "title": "76"
                        },
                        {
                            "title": "Expert"
                        },
                        {
                            "title": "Gut Gutwerk 58"
                        },
                        {
                            "title": "Master Gutwerk"
                        }
                    ]
                },
                {
                    "title": "Montblanc"
                },
                {
                    "title": "Novotex"
                },
                {
                    "title": "Rehau"
                }
            ]
        },
        {
            "title": "Дерево"
        },
        {
            "title": "Алюминий",
            "brands": [
                {
                    "title": "Alutech",
                    "models": [
                        {
                            "title": "F50"
                        },
                        {
                            "title": "Alt C48"
                        },
                        {
                            "title": "ALT W62"
                        }
                    ]
                }
            ]
        }
    ]
}